country,harvest_date,vegetable,price,available_stock,daily_demand,freshness_age,shelf_life_days,remaining_life,supply_demand_gap,wastage_risk
India,2024-03-08,Cabbage,116.93,398,215,23,24,1,183,High
India,2024-02-12,Beans,164.67,118,462,7,13,6,-344,Low
India,2024-11-07,Tomato,82.28,494,74,3,11,8,420,Low
Sri Lanka,2024-07-02,Beans,173.23,239,478,16,26,10,-239,Low
Sri Lanka,2024-02-08,Cauliflower,155.07,533,225,7,9,2,308,High
India,2024-07-11,Tomato,69.77,329,40,12,21,9,289,Low
India,2024-05-31,Tomato,118.5,406,449,0,28,28,-43,Low
India,2024-01-05,Potato,197.52,173,316,1,24,23,-143,Low
India,2024-05-10,Cauliflower,138.26,452,51,18,24,6,401,Low
Sri Lanka,2024-12-15,Tomato,143.23,443,362,9,16,7,81,Low
India,2024-11-11,Cabbage,62.32,310,329,0,8,8,-19,Low
India,2024-08-03,Okra,43.6,181,443,7,18,11,-262,Low
Sri Lanka,2024-06-15,Beans,110.35,94,165,6,26,20,-71,Low
Sri Lanka,2024-06-29,Brinjal,113.58,79,312,9,14,5,-233,Medium
Sri Lanka,2024-01-13,Okra,179.71,493,136,8,11,3,357,Medium
India,2024-08-22,Potato,89.46,99,468,5,22,17,-369,Low
Sri Lanka,2024-07-01,Beans,32.47,310,106,5,20,15,204,Low
Sri Lanka,2024-08-13,Okra,27.48,526,342,21,26,5,184,Medium
India,2024-03-17,Green Chilli,29.99,135,216,4,18,14,-81,Low
India,2024-02-05,Onion,60.33,211,75,0,18,18,136,Low
Sri Lanka,2024-12-18,Cauliflower,119.1,233,260,0,7,7,-27,Low
India,2024-12-07,Cauliflower,177.81,337,428,1,16,15,-91,Low
India,2024-06-10,Cauliflower,172.16,305,368,19,26,7,-63,Low
Sri Lanka,2024-01-28,Cabbage,103.32,531,130,7,13,6,401,Low
Sri Lanka,2024-10-25,Carrot,31.45,193,158,1,12,11,35,Low
Sri Lanka,2024-02-14,Tomato,44.22,226,157,8,14,6,69,Low
Sri Lanka,2024-01-12,Brinjal,119.26,598,99,0,15,15,499,Low
India,2024-08-11,Potato,118.34,511,241,10,12,2,270,High
India,2024-02-19,Beans,153.18,83,361,0,15,15,-278,Low
India,2024-05-05,Okra,152.68,477,106,14,22,8,371,Low
Sri Lanka,2024-12-19,Tomato,105.68,456,214,4,13,9,242,Low
Sri Lanka,2024-11-07,Cabbage,189.3,483,304,11,25,14,179,Low
India,2024-01-19,Onion,116.92,297,35,7,10,3,262,Medium
Sri Lanka,2024-09-03,Tomato,71.76,288,132,4,19,15,156,Low
Sri Lanka,2024-04-01,Okra,191.97,544,410,16,28,12,134,Low
Sri Lanka,2024-07-02,Cauliflower,149.83,240,416,6,12,6,-176,Low
Sri Lanka,2024-09-22,Potato,36.54,248,498,7,8,1,-250,Medium
India,2024-11-18,Potato,67.07,189,66,15,16,1,123,High
India,2024-09-20,Green Chilli,74.69,351,464,19,26,7,-113,Low
India,2024-09-21,Potato,87.18,493,111,15,25,10,382,Low
Sri Lanka,2024-06-01,Tomato,75.89,245,154,2,17,15,91,Low
India,2024-05-09,Potato,30.31,546,487,5,10,5,59,Medium
Sri Lanka,2024-07-13,Onion,180.95,134,343,8,20,12,-209,Low
Sri Lanka,2024-08-25,Tomato,86.76,78,211,6,7,1,-133,Medium
India,2024-12-27,Okra,135.92,474,298,4,14,10,176,Low
India,2024-02-29,Okra,133.86,215,400,3,20,17,-185,Low
India,2024-06-27,Cabbage,160.01,363,373,5,17,12,-10,Low
Sri Lanka,2024-03-21,Brinjal,114.27,245,34,3,14,11,211,Low
Sri Lanka,2024-10-22,Tomato,144.56,122,379,10,29,19,-257,Low
India,2024-01-21,Cabbage,183.61,418,264,17,21,4,154,Medium
Sri Lanka,2024-06-11,Onion,28.6,454,431,15,25,10,23,Low
Sri Lanka,2024-06-12,Tomato,112.94,206,455,22,28,6,-249,Low
India,2024-12-10,Okra,145.29,526,273,23,27,4,253,Medium
Sri Lanka,2024-11-18,Brinjal,62.81,360,200,9,12,3,160,Medium
Sri Lanka,2024-05-25,Okra,105.79,106,275,7,21,14,-169,Low
Sri Lanka,2024-08-03,Carrot,136.14,342,61,12,19,7,281,Low
India,2024-09-12,Brinjal,121.04,57,73,4,5,1,-16,Medium
India,2024-03-30,Potato,107.52,139,408,17,25,8,-269,Low
India,2024-10-08,Beans,47.98,82,349,6,9,3,-267,Medium
India,2024-02-08,Carrot,73.12,514,482,0,12,12,32,Low
India,2024-09-19,Onion,62.81,64,204,2,22,20,-140,Low
India,2024-06-18,Beans,174.42,390,53,2,12,10,337,Low
India,2024-10-28,Cauliflower,102.85,97,372,0,6,6,-275,Low
Sri Lanka,2024-12-09,Cabbage,187.2,256,180,3,19,16,76,Low
India,2024-10-08,Brinjal,194.53,491,460,10,19,9,31,Low
India,2024-09-05,Okra,198.18,205,416,22,29,7,-211,Low
India,2024-02-22,Brinjal,80.08,271,361,4,22,18,-90,Low
Sri Lanka,2024-09-05,Carrot,73.31,540,394,0,12,12,146,Low
Sri Lanka,2024-02-14,Brinjal,33.13,166,85,0,18,18,81,Low
India,2024-08-23,Okra,192.12,440,334,0,6,6,106,Low
Sri Lanka,2024-08-07,Green Chilli,107.79,352,85,10,13,3,267,Medium
Sri Lanka,2024-04-01,Carrot,170.37,286,498,5,7,2,-212,Medium
India,2024-10-27,Potato,28.76,351,367,18,22,4,-16,Medium
Sri Lanka,2024-03-18,Potato,128.92,456,70,5,20,15,386,Low
India,2024-02-02,Potato,64.76,79,106,19,25,6,-27,Low
Sri Lanka,2024-10-30,Brinjal,123.49,379,372,22,26,4,7,Medium
India,2024-02-22,Green Chilli,115.47,345,342,8,15,7,3,Low
India,2024-04-22,Carrot,31.73,383,46,6,21,15,337,Low
Sri Lanka,2024-01-30,Green Chilli,76.51,242,243,8,10,2,-1,Medium
India,2024-08-26,Cabbage,86.04,461,478,10,17,7,-17,Low
India,2024-06-22,Carrot,123.56,537,224,10,22,12,313,Low
Sri Lanka,2024-01-03,Cabbage,144.7,301,464,5,12,7,-163,Low
Sri Lanka,2024-04-24,Carrot,49.26,311,468,4,14,10,-157,Low
India,2024-10-23,Carrot,53.04,115,50,8,9,1,65,Medium
India,2024-05-19,Beans,39.75,467,313,2,5,3,154,Medium
India,2024-09-22,Cabbage,64.78,253,151,2,19,17,102,Low
India,2024-04-21,Potato,77.08,192,150,2,11,9,42,Low
Sri Lanka,2024-09-18,Tomato,27.52,174,370,7,22,15,-196,Low
Sri Lanka,2024-08-26,Okra,78.14,402,207,3,6,3,195,Medium
India,2024-04-25,Tomato,97.75,491,30,10,16,6,461,Low
Sri Lanka,2024-06-23,Brinjal,168.43,412,280,15,23,8,132,Low
Sri Lanka,2024-03-30,Brinjal,198.83,594,69,0,5,5,525,Medium
Sri Lanka,2024-02-09,Brinjal,34.09,552,239,17,19,2,313,High
Sri Lanka,2024-01-31,Onion,69.13,351,330,7,14,7,21,Low
India,2024-06-29,Tomato,88.33,268,382,1,12,11,-114,Low
India,2024-12-19,Green Chilli,140.3,472,151,6,10,4,321,Medium
Sri Lanka,2024-05-09,Onion,89.02,252,78,10,17,7,174,Low
India,2024-01-16,Green Chilli,101.8,555,114,6,18,12,441,Low
India,2024-10-25,Potato,74.81,407,445,11,14,3,-38,Medium
India,2024-08-26,Okra,78.47,57,286,0,5,5,-229,Medium
Sri Lanka,2024-07-11,Carrot,41.6,248,192,6,13,7,56,Low
Sri Lanka,2024-07-09,Okra,112.77,345,368,17,20,3,-23,Medium
India,2024-05-15,Tomato,169.68,85,398,2,12,10,-313,Low
India,2024-02-15,Cauliflower,163.61,187,159,16,29,13,28,Low
India,2024-01-20,Cauliflower,157.42,530,262,2,10,8,268,Low
India,2024-01-22,Okra,169.4,489,193,1,16,15,296,Low
Sri Lanka,2024-09-23,Potato,88.95,569,349,14,19,5,220,Medium
Sri Lanka,2024-07-19,Beans,31.34,267,61,24,29,5,206,Medium
Sri Lanka,2024-02-27,Beans,153.2,572,447,7,8,1,125,High
India,2024-10-27,Tomato,20.12,304,142,8,22,14,162,Low
India,2024-10-19,Green Chilli,164.15,382,260,16,25,9,122,Low
Sri Lanka,2024-04-22,Potato,53.71,588,459,0,10,10,129,Low
India,2024-07-15,Beans,169.57,565,221,1,23,22,344,Low
Sri Lanka,2024-03-27,Potato,156.18,371,107,22,28,6,264,Low
Sri Lanka,2024-02-27,Okra,169.28,125,241,4,21,17,-116,Low
Sri Lanka,2024-12-01,Onion,63.62,181,183,10,13,3,-2,Medium
India,2024-04-17,Potato,173.59,294,327,25,27,2,-33,Medium
Sri Lanka,2024-08-11,Green Chilli,24.49,593,412,10,15,5,181,Medium
Sri Lanka,2024-04-05,Cabbage,45.85,598,301,5,9,4,297,Medium
Sri Lanka,2024-05-29,Brinjal,74.26,366,331,5,9,4,35,Medium
Sri Lanka,2024-07-31,Cabbage,73.11,372,77,14,19,5,295,Medium
Sri Lanka,2024-09-26,Okra,175.73,130,36,14,18,4,94,Medium
Sri Lanka,2024-05-12,Okra,100.15,153,86,14,20,6,67,Low
India,2024-04-04,Carrot,93.94,372,104,0,9,9,268,Low
Sri Lanka,2024-06-20,Beans,189.57,122,197,6,10,4,-75,Medium
Sri Lanka,2024-06-20,Green Chilli,116.42,226,404,5,10,5,-178,Medium
India,2024-05-18,Potato,51.15,397,242,19,29,10,155,Low
Sri Lanka,2024-04-15,Carrot,79.63,143,56,6,27,21,87,Low
India,2024-11-18,Cauliflower,48.41,112,404,7,12,5,-292,Medium
India,2024-08-12,Onion,149.37,449,301,12,20,8,148,Low
Sri Lanka,2024-11-01,Carrot,88.32,512,41,4,5,1,471,High
Sri Lanka,2024-01-17,Carrot,111.34,141,151,2,18,16,-10,Low
Sri Lanka,2024-10-30,Green Chilli,153.7,576,107,5,8,3,469,Medium
Sri Lanka,2024-06-07,Beans,93.83,282,366,4,12,8,-84,Low
India,2024-05-13,Carrot,131.57,186,251,1,28,27,-65,Low
Sri Lanka,2024-10-31,Beans,158.42,354,132,11,12,1,222,High
Sri Lanka,2024-04-30,Cauliflower,30.75,269,71,1,16,15,198,Low
Sri Lanka,2024-05-14,Potato,52.39,173,424,3,20,17,-251,Low
India,2024-08-02,Cauliflower,135.45,232,251,16,22,6,-19,Low
India,2024-05-04,Okra,195.35,563,60,13,21,8,503,Low
India,2024-04-25,Potato,157.24,311,178,3,5,2,133,High
Sri Lanka,2024-02-15,Potato,180.87,103,111,15,20,5,-8,Medium
Sri Lanka,2024-05-01,Potato,105.01,526,350,0,11,11,176,Low
Sri Lanka,2024-04-02,Okra,90.81,275,165,1,5,4,110,Medium
Sri Lanka,2024-01-31,Brinjal,112.96,561,383,20,22,2,178,High
India,2024-01-01,Beans,41.97,386,86,0,12,12,300,Low
Sri Lanka,2024-05-12,Carrot,137.15,441,36,5,11,6,405,Low
India,2024-06-23,Cabbage,98.24,560,78,8,16,8,482,Low
India,2024-06-06,Brinjal,184.61,512,161,14,20,6,351,Low
India,2024-12-26,Okra,83.24,377,270,16,17,1,107,High
India,2024-10-27,Onion,79.7,308,483,2,14,12,-175,Low
Sri Lanka,2024-06-01,Beans,101.24,172,232,17,29,12,-60,Low
India,2024-05-06,Green Chilli,181.41,343,329,1,7,6,14,Low
India,2024-10-10,Beans,86.88,117,84,5,7,2,33,Medium
India,2024-09-21,Cauliflower,118.47,376,355,23,27,4,21,Medium
India,2024-06-22,Tomato,191.78,300,110,4,15,11,190,Low
Sri Lanka,2024-04-03,Green Chilli,36.06,354,368,20,29,9,-14,Low
India,2024-04-15,Beans,185.33,198,221,4,5,1,-23,Medium
India,2024-07-21,Tomato,56.4,387,390,18,22,4,-3,Medium
Sri Lanka,2024-11-09,Beans,124.5,178,335,2,28,26,-157,Low
India,2024-06-10,Cabbage,50.31,308,312,5,28,23,-4,Low
India,2024-03-02,Okra,56.21,147,204,6,20,14,-57,Low
Sri Lanka,2024-03-02,Beans,138.88,226,123,7,11,4,103,Medium
India,2024-09-09,Okra,36.57,335,337,14,16,2,-2,Medium
India,2024-07-01,Cabbage,168.27,72,302,10,29,19,-230,Low
Sri Lanka,2024-09-12,Tomato,175.79,523,244,20,23,3,279,Medium
Sri Lanka,2024-08-08,Cauliflower,38.32,226,121,3,9,6,105,Low
India,2024-08-06,Potato,79.16,412,466,10,14,4,-54,Medium
Sri Lanka,2024-12-14,Brinjal,22.34,586,315,14,20,6,271,Low
India,2024-10-29,Carrot,35.08,132,481,1,5,4,-349,Medium
India,2024-09-13,Brinjal,195.36,330,384,15,29,14,-54,Low
Sri Lanka,2024-10-03,Green Chilli,162.35,373,394,20,28,8,-21,Low
India,2024-08-23,Tomato,31.45,435,244,0,6,6,191,Low
India,2024-08-16,Brinjal,65.25,142,49,8,19,11,93,Low
India,2024-06-20,Green Chilli,167.67,288,395,3,6,3,-107,Medium
India,2024-06-08,Onion,79.57,230,390,20,29,9,-160,Low
Sri Lanka,2024-04-28,Okra,42.94,588,89,7,18,11,499,Low
India,2024-10-31,Beans,75.09,125,256,21,22,1,-131,Medium
India,2024-03-14,Okra,92.97,360,284,10,29,19,76,Low
Sri Lanka,2024-05-19,Brinjal,98.02,324,167,16,23,7,157,Low
India,2024-05-10,Tomato,82.95,578,345,9,12,3,233,Medium
India,2024-10-13,Onion,156.73,117,216,6,10,4,-99,Medium
Sri Lanka,2024-04-23,Beans,90.11,486,463,14,23,9,23,Low
India,2024-07-12,Tomato,168.2,458,439,0,9,9,19,Low
India,2024-04-27,Brinjal,155.63,398,83,14,27,13,315,Low
India,2024-12-23,Potato,180.58,164,129,9,13,4,35,Medium
Sri Lanka,2024-09-17,Beans,122.4,420,54,2,5,3,366,Medium
Sri Lanka,2024-11-16,Cauliflower,182.52,343,312,0,14,14,31,Low
India,2024-03-04,Okra,107.59,453,274,2,26,24,179,Low
Sri Lanka,2024-02-25,Brinjal,192.16,439,43,6,10,4,396,Medium
Sri Lanka,2024-02-13,Cauliflower,92.5,505,218,9,11,2,287,High
Sri Lanka,2024-07-06,Green Chilli,21.1,592,376,16,17,1,216,High
Sri Lanka,2024-08-03,Onion,120.85,431,71,3,28,25,360,Low
India,2024-08-12,Carrot,58.84,409,336,2,7,5,73,Medium
India,2024-10-24,Cabbage,101.23,459,96,0,29,29,363,Low
Sri Lanka,2024-10-08,Potato,60.25,178,374,7,23,16,-196,Low
Sri Lanka,2024-05-14,Tomato,190.04,151,293,19,21,2,-142,Medium
India,2024-06-12,Okra,95.32,437,55,17,27,10,382,Low
Sri Lanka,2024-11-28,Okra,144.03,252,488,16,21,5,-236,Medium
India,2024-10-14,Cabbage,171.45,447,295,18,25,7,152,Low
India,2024-03-18,Cauliflower,32.01,316,307,1,6,5,9,Medium
India,2024-10-16,Beans,163.84,155,280,26,27,1,-125,Medium
Sri Lanka,2024-01-20,Onion,34.51,361,94,4,16,12,267,Low
Sri Lanka,2024-05-13,Okra,198.71,159,188,8,13,5,-29,Medium
India,2024-04-23,Carrot,107.49,112,186,11,22,11,-74,Low
Sri Lanka,2024-03-22,Tomato,139.01,474,31,1,7,6,443,Low
India,2024-08-15,Cabbage,60.67,115,265,24,25,1,-150,Medium
India,2024-05-14,Green Chilli,76.49,54,350,9,19,10,-296,Low
Sri Lanka,2024-04-26,Onion,165.95,397,333,7,25,18,64,Low
India,2024-11-20,Carrot,81.22,528,354,3,13,10,174,Low
India,2024-06-04,Green Chilli,54.23,398,70,1,14,13,328,Low
Sri Lanka,2024-03-15,Beans,156.6,273,439,21,24,3,-166,Medium
Sri Lanka,2024-12-05,Okra,46.24,556,59,2,29,27,497,Low
India,2024-11-18,Green Chilli,121.54,184,166,13,23,10,18,Low
India,2024-03-17,Beans,82.19,314,166,1,20,19,148,Low
India,2024-08-12,Brinjal,66.87,444,126,21,29,8,318,Low
India,2024-07-21,Okra,29.28,376,430,23,24,1,-54,Medium
India,2024-04-14,Cabbage,110.4,114,291,2,22,20,-177,Low
India,2024-06-29,Cabbage,116.04,357,279,16,19,3,78,Medium
Sri Lanka,2024-03-05,Potato,49.7,359,237,7,26,19,122,Low
India,2024-11-07,Cauliflower,77.66,384,260,20,27,7,124,Low
India,2024-09-26,Carrot,93.91,247,144,22,23,1,103,High
India,2024-05-27,Carrot,80.26,543,324,11,12,1,219,High
Sri Lanka,2024-09-20,Tomato,124.12,173,276,2,20,18,-103,Low
India,2024-04-15,Tomato,67.42,235,261,11,25,14,-26,Low
India,2024-05-17,Onion,24.97,163,172,9,19,10,-9,Low
Sri Lanka,2024-06-09,Brinjal,174.35,471,249,10,11,1,222,High
India,2024-07-24,Potato,49.55,535,311,9,13,4,224,Medium
India,2024-12-16,Carrot,64.91,311,460,11,29,18,-149,Low
India,2024-01-21,Cauliflower,37.55,238,329,8,11,3,-91,Medium
India,2024-11-08,Beans,165.71,60,40,4,6,2,20,Medium
Sri Lanka,2024-04-18,Carrot,139.96,155,97,9,12,3,58,Medium
Sri Lanka,2024-10-07,Cabbage,42.89,81,488,2,10,8,-407,Low
India,2024-12-21,Tomato,98.5,175,372,3,25,22,-197,Low
Sri Lanka,2024-04-21,Tomato,34.25,334,303,18,23,5,31,Medium
India,2024-12-13,Carrot,175.35,180,295,9,22,13,-115,Low
Sri Lanka,2024-06-30,Okra,187.39,499,122,2,13,11,377,Low
India,2024-08-02,Potato,192.66,418,147,1,20,19,271,Low
Sri Lanka,2024-10-21,Onion,31.82,95,439,15,28,13,-344,Low
India,2024-10-17,Green Chilli,130.7,405,233,8,13,5,172,Medium
India,2024-04-23,Cauliflower,116.92,230,51,10,28,18,179,Low
Sri Lanka,2024-09-10,Green Chilli,141.44,364,200,9,18,9,164,Low
Sri Lanka,2024-04-05,Beans,142.9,584,498,10,14,4,86,Medium
India,2024-10-12,Beans,43.81,350,192,8,22,14,158,Low
Sri Lanka,2024-05-14,Beans,94.86,180,240,25,26,1,-60,Medium
Sri Lanka,2024-09-09,Green Chilli,83.97,599,132,14,18,4,467,Medium
Sri Lanka,2024-02-15,Carrot,180.39,53,497,13,17,4,-444,Medium
India,2024-05-03,Cabbage,131.89,541,132,2,5,3,409,Medium
Sri Lanka,2024-05-10,Beans,142.37,68,372,13,23,10,-304,Low
India,2024-04-06,Cauliflower,197.78,329,50,4,24,20,279,Low
India,2024-10-26,Carrot,170.13,81,46,11,21,10,35,Low
Sri Lanka,2024-09-08,Carrot,167.75,120,39,3,19,16,81,Low
Sri Lanka,2024-07-26,Green Chilli,162.55,447,98,2,20,18,349,Low
India,2024-09-05,Potato,93.42,474,413,8,17,9,61,Low
India,2024-11-11,Onion,75.11,215,61,7,9,2,154,High
India,2024-01-05,Cabbage,81.33,54,465,12,25,13,-411,Low
Sri Lanka,2024-09-24,Okra,36.09,172,289,8,16,8,-117,Low
India,2024-07-28,Green Chilli,171.7,59,240,2,9,7,-181,Low
India,2024-01-15,Potato,116.6,497,104,9,25,16,393,Low
India,2024-06-13,Tomato,116.07,145,143,1,17,16,2,Low
Sri Lanka,2024-01-22,Brinjal,179.54,519,164,12,14,2,355,High
Sri Lanka,2024-05-08,Cauliflower,122.64,517,36,16,21,5,481,Medium
India,2024-10-02,Potato,31.45,265,257,4,6,2,8,Medium
Sri Lanka,2024-06-22,Carrot,58.04,362,412,14,21,7,-50,Low
Sri Lanka,2024-03-26,Cauliflower,169.55,104,105,10,11,1,-1,Medium
Sri Lanka,2024-06-08,Potato,28.69,127,204,4,7,3,-77,Medium
India,2024-11-11,Beans,111.11,90,393,1,11,10,-303,Low
Sri Lanka,2024-03-02,Onion,75.68,115,154,4,15,11,-39,Low
India,2024-02-11,Tomato,75.84,151,438,16,17,1,-287,Medium
India,2024-05-15,Cabbage,27.09,59,185,22,24,2,-126,Medium
Sri Lanka,2024-02-22,Tomato,187.81,525,441,7,14,7,84,Low
India,2024-02-02,Tomato,89.13,57,73,0,7,7,-16,Low
India,2024-10-07,Onion,101.66,304,454,3,29,26,-150,Low
Sri Lanka,2024-12-16,Onion,128.58,82,113,14,16,2,-31,Medium
Sri Lanka,2024-07-30,Okra,37.01,572,307,0,22,22,265,Low
India,2024-12-16,Onion,169.59,167,279,7,13,6,-112,Low
Sri Lanka,2024-12-19,Tomato,70.77,114,272,0,8,8,-158,Low
Sri Lanka,2024-04-10,Cabbage,121.84,403,345,4,12,8,58,Low
India,2024-12-30,Beans,36.16,209,94,21,27,6,115,Low
India,2024-04-28,Tomato,186.11,203,135,5,15,10,68,Low
Sri Lanka,2024-09-22,Potato,45.91,338,182,5,10,5,156,Medium
Sri Lanka,2024-12-03,Beans,75.92,96,87,9,15,6,9,Low
India,2024-07-21,Green Chilli,101.29,322,362,17,22,5,-40,Medium
India,2024-03-06,Okra,187.99,290,120,1,17,16,170,Low
India,2024-08-28,Cauliflower,101.35,446,229,4,8,4,217,Medium
India,2024-01-14,Green Chilli,130.51,409,246,4,5,1,163,High
India,2024-08-20,Tomato,37.15,77,490,10,26,16,-413,Low
India,2024-06-13,Potato,198.93,189,144,3,13,10,45,Low
India,2024-10-15,Tomato,159.91,158,421,14,15,1,-263,Medium
India,2024-01-08,Cabbage,103.17,238,64,3,13,10,174,Low
Sri Lanka,2024-03-22,Onion,176.58,578,53,3,7,4,525,Medium
Sri Lanka,2024-08-03,Tomato,59.91,457,274,5,7,2,183,High
Sri Lanka,2024-10-19,Brinjal,120.26,134,39,6,23,17,95,Low
Sri Lanka,2024-09-06,Brinjal,21.98,311,393,11,20,9,-82,Low
Sri Lanka,2024-07-18,Carrot,24.11,367,37,14,15,1,330,High
Sri Lanka,2024-06-09,Tomato,63.09,421,328,13,15,2,93,High
Sri Lanka,2024-06-19,Tomato,134.39,574,292,0,7,7,282,Low
Sri Lanka,2024-08-27,Okra,83.28,165,428,7,20,13,-263,Low
Sri Lanka,2024-11-29,Okra,31.92,67,203,8,11,3,-136,Medium
Sri Lanka,2024-08-09,Green Chilli,76.59,517,334,6,13,7,183,Low
Sri Lanka,2024-12-17,Cabbage,82.77,265,87,0,10,10,178,Low
India,2024-01-04,Beans,180.55,534,293,6,20,14,241,Low
India,2024-06-18,Brinjal,125.49,100,180,6,8,2,-80,Medium
Sri Lanka,2024-05-09,Onion,49.27,456,105,3,19,16,351,Low
India,2024-05-01,Onion,124.42,180,44,0,6,6,136,Low
Sri Lanka,2024-05-17,Beans,189.31,193,104,0,24,24,89,Low
Sri Lanka,2024-07-17,Cauliflower,64.86,267,382,7,13,6,-115,Low
India,2024-02-14,Carrot,54.07,263,81,3,21,18,182,Low
India,2024-02-14,Brinjal,142.75,481,380,5,10,5,101,Medium
Sri Lanka,2024-10-13,Okra,131.1,352,88,1,27,26,264,Low
Sri Lanka,2024-10-15,Potato,111.35,579,62,23,26,3,517,Medium
India,2024-12-20,Okra,127.55,169,283,17,20,3,-114,Medium
Sri Lanka,2024-11-26,Brinjal,147.57,51,268,10,21,11,-217,Low
Sri Lanka,2024-08-25,Beans,39.55,429,253,5,25,20,176,Low
India,2024-10-26,Cabbage,75.68,387,73,17,25,8,314,Low
India,2024-02-12,Onion,26.03,374,239,6,15,9,135,Low
India,2024-11-13,Green Chilli,131.54,101,328,0,7,7,-227,Low
Sri Lanka,2024-07-11,Beans,130.46,520,183,0,28,28,337,Low
India,2024-11-16,Carrot,151.7,385,190,12,15,3,195,Medium
Sri Lanka,2024-08-02,Brinjal,128.87,209,168,20,21,1,41,Medium
Sri Lanka,2024-11-05,Carrot,75.67,366,321,8,10,2,45,Medium
India,2024-07-01,Okra,87.47,241,475,15,20,5,-234,Medium
Sri Lanka,2024-04-20,Cauliflower,63.62,71,262,7,16,9,-191,Low
India,2024-10-28,Cauliflower,154.42,578,346,14,27,13,232,Low
Sri Lanka,2024-02-23,Beans,159.68,510,302,7,19,12,208,Low
Sri Lanka,2024-09-10,Cauliflower,70.74,319,419,5,20,15,-100,Low
Sri Lanka,2024-08-23,Carrot,93.56,269,79,4,11,7,190,Low
India,2024-12-10,Green Chilli,53.01,185,240,14,15,1,-55,Medium
Sri Lanka,2024-08-29,Potato,78.12,100,138,7,12,5,-38,Medium
Sri Lanka,2024-04-25,Cabbage,74.28,578,30,23,28,5,548,Medium
Sri Lanka,2024-01-27,Beans,103.71,597,277,6,23,17,320,Low
Sri Lanka,2024-10-04,Brinjal,23.03,479,113,5,23,18,366,Low
Sri Lanka,2024-07-23,Potato,119.12,126,282,15,21,6,-156,Low
India,2024-10-13,Cabbage,176.0,55,420,11,19,8,-365,Low
Sri Lanka,2024-09-22,Potato,22.68,474,237,15,18,3,237,Medium
Sri Lanka,2024-11-07,Cabbage,187.77,431,227,14,28,14,204,Low
India,2024-12-19,Green Chilli,48.97,136,290,7,29,22,-154,Low
India,2024-06-15,Potato,160.58,519,246,0,23,23,273,Low
Sri Lanka,2024-08-17,Onion,67.18,259,126,10,12,2,133,High
Sri Lanka,2024-07-04,Green Chilli,90.07,293,373,3,21,18,-80,Low
India,2024-12-17,Onion,120.93,109,374,4,22,18,-265,Low
Sri Lanka,2024-12-09,Potato,193.53,252,66,3,12,9,186,Low
India,2024-03-23,Beans,136.72,219,329,0,12,12,-110,Low
India,2024-12-20,Green Chilli,119.62,371,252,8,27,19,119,Low
India,2024-08-25,Brinjal,115.0,463,427,5,20,15,36,Low
India,2024-04-09,Cabbage,191.65,266,172,10,25,15,94,Low
Sri Lanka,2024-07-20,Cauliflower,198.35,216,427,4,7,3,-211,Medium
India,2024-06-18,Cabbage,31.61,428,279,9,14,5,149,Medium
Sri Lanka,2024-07-30,Okra,129.2,280,197,7,10,3,83,Medium
India,2024-11-13,Brinjal,178.97,507,481,3,18,15,26,Low
Sri Lanka,2024-01-30,Carrot,191.88,339,173,12,27,15,166,Low
India,2024-12-16,Cabbage,77.82,277,328,24,26,2,-51,Medium
India,2024-04-10,Onion,176.4,320,457,13,26,13,-137,Low
Sri Lanka,2024-08-27,Onion,91.69,542,412,1,15,14,130,Low
Sri Lanka,2024-08-10,Carrot,150.89,501,330,10,20,10,171,Low
India,2024-04-27,Tomato,96.29,284,458,4,5,1,-174,Medium
India,2024-04-10,Potato,187.66,492,323,6,12,6,169,Low
India,2024-04-03,Carrot,166.2,268,371,3,13,10,-103,Low
India,2024-12-01,Beans,106.1,399,277,17,23,6,122,Low
Sri Lanka,2024-11-08,Green Chilli,52.87,234,45,8,10,2,189,High
India,2024-11-12,Okra,158.96,439,101,14,27,13,338,Low
Sri Lanka,2024-01-20,Beans,87.93,505,176,2,6,4,329,Medium
Sri Lanka,2024-12-02,Onion,103.3,160,435,6,24,18,-275,Low
India,2024-01-08,Beans,148.99,274,496,6,28,22,-222,Low
Sri Lanka,2024-11-23,Cauliflower,31.75,321,237,3,15,12,84,Low
India,2024-02-28,Potato,173.8,538,403,7,29,22,135,Low
Sri Lanka,2024-04-16,Cabbage,55.77,302,345,4,24,20,-43,Low
Sri Lanka,2024-08-06,Brinjal,116.24,253,41,6,19,13,212,Low
India,2024-06-23,Green Chilli,120.24,514,334,1,12,11,180,Low
India,2024-04-26,Okra,29.14,391,461,4,7,3,-70,Medium
Sri Lanka,2024-07-08,Carrot,114.33,369,174,2,8,6,195,Low
India,2024-10-30,Onion,176.97,347,349,3,5,2,-2,Medium
Sri Lanka,2024-09-16,Beans,44.16,397,421,4,6,2,-24,Medium
India,2024-03-26,Green Chilli,58.22,587,137,2,9,7,450,Low
India,2024-07-10,Beans,114.55,503,251,12,18,6,252,Low
Sri Lanka,2024-03-27,Potato,54.42,574,157,10,11,1,417,High
India,2024-04-13,Brinjal,122.3,150,273,7,12,5,-123,Medium
India,2024-01-13,Green Chilli,183.51,578,141,10,15,5,437,Medium
India,2024-06-03,Green Chilli,96.99,146,339,20,28,8,-193,Low
India,2024-12-03,Okra,63.98,279,388,11,18,7,-109,Low
Sri Lanka,2024-08-23,Cabbage,150.75,218,488,5,14,9,-270,Low
India,2024-10-07,Tomato,25.96,455,345,22,23,1,110,High
Sri Lanka,2024-12-05,Cabbage,182.59,373,104,13,15,2,269,High
Sri Lanka,2024-08-28,Cauliflower,179.65,164,299,3,8,5,-135,Medium
Sri Lanka,2024-03-22,Onion,35.89,138,344,11,25,14,-206,Low
Sri Lanka,2024-10-20,Carrot,115.99,265,68,11,19,8,197,Low
India,2024-02-23,Green Chilli,33.49,538,497,0,11,11,41,Low
Sri Lanka,2024-05-20,Cabbage,97.89,142,44,19,23,4,98,Medium
Sri Lanka,2024-12-12,Tomato,33.25,330,73,10,20,10,257,Low
India,2024-01-04,Onion,46.2,487,256,2,5,3,231,Medium
Sri Lanka,2024-06-28,Okra,130.35,107,43,0,5,5,64,Medium
Sri Lanka,2024-10-07,Brinjal,62.9,76,455,3,13,10,-379,Low
Sri Lanka,2024-08-21,Potato,20.46,230,413,20,23,3,-183,Medium
Sri Lanka,2024-05-13,Potato,20.44,207,141,0,15,15,66,Low
Sri Lanka,2024-01-22,Green Chilli,138.8,253,46,2,14,12,207,Low
India,2024-10-12,Green Chilli,35.53,126,46,5,20,15,80,Low
India,2024-01-02,Onion,94.53,513,208,16,25,9,305,Low
India,2024-04-06,Tomato,111.48,302,257,0,18,18,45,Low
Sri Lanka,2024-12-13,Potato,160.04,243,397,8,17,9,-154,Low
India,2024-10-18,Beans,196.87,187,391,13,18,5,-204,Medium
India,2024-01-24,Carrot,157.4,548,341,4,15,11,207,Low
Sri Lanka,2024-05-26,Carrot,85.02,329,131,26,29,3,198,Medium
Sri Lanka,2024-09-10,Green Chilli,27.88,156,261,7,21,14,-105,Low
Sri Lanka,2024-04-11,Cabbage,185.87,243,326,10,20,10,-83,Low
India,2024-02-19,Okra,95.7,70,364,8,13,5,-294,Medium
India,2024-12-22,Beans,169.95,188,225,1,11,10,-37,Low
India,2024-03-21,Okra,139.37,297,65,13,24,11,232,Low
India,2024-06-15,Brinjal,67.94,256,86,3,8,5,170,Medium
India,2024-07-31,Onion,100.59,511,345,11,18,7,166,Low
India,2024-08-25,Tomato,172.99,59,446,25,27,2,-387,Medium
Sri Lanka,2024-03-08,Tomato,124.1,265,321,9,18,9,-56,Low
Sri Lanka,2024-11-18,Beans,157.38,461,494,20,24,4,-33,Medium
Sri Lanka,2024-10-20,Brinjal,177.27,350,107,4,12,8,243,Low
Sri Lanka,2024-09-01,Green Chilli,129.13,184,464,8,11,3,-280,Medium
Sri Lanka,2024-07-06,Brinjal,29.5,116,62,4,6,2,54,Medium
Sri Lanka,2024-07-16,Okra,27.88,576,379,21,27,6,197,Low
Sri Lanka,2024-09-02,Green Chilli,29.48,596,166,0,9,9,430,Low
Sri Lanka,2024-04-28,Cauliflower,49.01,324,347,16,19,3,-23,Medium
Sri Lanka,2024-07-22,Onion,110.6,424,405,0,8,8,19,Low
Sri Lanka,2024-04-12,Beans,144.31,175,429,2,6,4,-254,Medium
India,2024-12-16,Tomato,133.15,191,138,15,25,10,53,Low
Sri Lanka,2024-04-26,Okra,54.89,147,389,2,7,5,-242,Medium
India,2024-03-10,Onion,37.91,180,360,16,26,10,-180,Low
Sri Lanka,2024-05-26,Tomato,173.2,257,368,3,6,3,-111,Medium
India,2024-01-27,Beans,126.55,449,488,8,13,5,-39,Medium
India,2024-07-21,Cauliflower,156.25,178,313,13,29,16,-135,Low
Sri Lanka,2024-10-18,Cauliflower,36.93,555,208,16,17,1,347,High
Sri Lanka,2024-12-05,Beans,144.98,250,193,6,9,3,57,Medium
Sri Lanka,2024-04-01,Beans,37.85,149,263,7,18,11,-114,Low
India,2024-05-15,Onion,44.06,233,267,10,15,5,-34,Medium
Sri Lanka,2024-11-29,Green Chilli,61.46,66,417,12,27,15,-351,Low
Sri Lanka,2024-06-08,Onion,99.23,120,191,2,19,17,-71,Low
India,2024-05-04,Cabbage,74.66,544,417,13,19,6,127,Low
Sri Lanka,2024-12-18,Carrot,180.07,320,151,3,11,8,169,Low
India,2024-12-29,Potato,194.17,181,359,18,21,3,-178,Medium
India,2024-03-05,Green Chilli,63.2,313,418,12,14,2,-105,Medium
Sri Lanka,2024-04-29,Beans,46.11,192,340,6,27,21,-148,Low
Sri Lanka,2024-01-01,Tomato,68.03,329,366,11,23,12,-37,Low
India,2024-10-08,Brinjal,101.81,454,172,6,16,10,282,Low
Sri Lanka,2024-08-04,Tomato,88.03,73,288,10,28,18,-215,Low
India,2024-08-14,Cabbage,198.58,74,222,2,14,12,-148,Low
India,2024-12-03,Carrot,63.86,246,438,2,19,17,-192,Low
India,2024-01-05,Okra,115.92,458,461,2,23,21,-3,Low
Sri Lanka,2024-10-18,Cauliflower,199.96,343,164,7,8,1,179,High
India,2024-09-24,Onion,174.85,348,359,5,28,23,-11,Low
India,2024-11-19,Green Chilli,116.81,76,267,0,25,25,-191,Low
Sri Lanka,2024-03-30,Beans,136.71,273,389,3,23,20,-116,Low
Sri Lanka,2024-02-22,Okra,98.16,476,483,3,9,6,-7,Low
Sri Lanka,2024-03-25,Cabbage,189.07,65,318,3,17,14,-253,Low
Sri Lanka,2024-04-03,Cauliflower,193.81,236,481,1,21,20,-245,Low
Sri Lanka,2024-05-12,Potato,146.72,161,37,2,8,6,124,Low
India,2024-11-19,Potato,194.76,231,214,4,22,18,17,Low
Sri Lanka,2024-03-05,Green Chilli,174.8,140,495,3,25,22,-355,Low
Sri Lanka,2024-02-22,Okra,55.64,312,224,7,8,1,88,High
India,2024-08-19,Beans,53.42,84,144,2,26,24,-60,Low
Sri Lanka,2024-01-14,Cauliflower,91.18,589,121,5,17,12,468,Low
India,2024-11-16,Cauliflower,47.65,582,370,8,13,5,212,Medium
India,2024-05-16,Potato,153.23,513,210,16,19,3,303,Medium
Sri Lanka,2024-02-12,Onion,194.79,522,226,1,7,6,296,Low
Sri Lanka,2024-04-02,Cauliflower,146.11,132,152,12,15,3,-20,Medium
India,2024-11-25,Potato,30.81,520,341,8,13,5,179,Medium
Sri Lanka,2024-09-02,Cabbage,61.39,151,480,2,6,4,-329,Medium
Sri Lanka,2024-08-03,Okra,86.4,256,232,13,15,2,24,Medium
Sri Lanka,2024-11-24,Carrot,80.49,494,60,12,27,15,434,Low
India,2024-03-26,Onion,36.36,60,388,10,16,6,-328,Low
India,2024-12-03,Onion,100.4,167,157,1,8,7,10,Low
Sri Lanka,2024-03-14,Cabbage,180.08,539,464,17,27,10,75,Low
Sri Lanka,2024-05-20,Green Chilli,139.53,241,300,1,17,16,-59,Low
Sri Lanka,2024-12-08,Beans,142.2,159,218,8,16,8,-59,Low
Sri Lanka,2024-06-19,Green Chilli,165.7,80,287,2,19,17,-207,Low
India,2024-12-01,Tomato,105.74,565,344,12,17,5,221,Medium
Sri Lanka,2024-08-04,Onion,116.42,570,286,8,11,3,284,Medium
Sri Lanka,2024-02-03,Brinjal,118.7,488,187,8,9,1,301,High
Sri Lanka,2024-07-16,Potato,80.72,434,362,14,18,4,72,Medium
Sri Lanka,2024-11-10,Carrot,73.53,431,120,15,29,14,311,Low
Sri Lanka,2024-03-02,Brinjal,147.57,557,105,0,22,22,452,Low
Sri Lanka,2024-03-25,Cabbage,135.35,562,94,4,6,2,468,High
Sri Lanka,2024-08-12,Beans,86.32,356,85,5,7,2,271,High
India,2024-11-04,Onion,126.4,309,127,0,6,6,182,Low
Sri Lanka,2024-12-08,Carrot,126.26,363,93,25,26,1,270,High
India,2024-01-12,Cauliflower,126.55,358,98,3,8,5,260,Medium
Sri Lanka,2024-10-29,Potato,109.73,240,58,2,9,7,182,Low
India,2024-05-24,Carrot,188.14,479,176,14,17,3,303,Medium
India,2024-03-18,Onion,165.41,86,233,12,24,12,-147,Low
Sri Lanka,2024-11-07,Cabbage,146.63,407,443,5,8,3,-36,Medium
India,2024-03-15,Cabbage,90.81,584,102,6,8,2,482,High
Sri Lanka,2024-12-24,Brinjal,37.35,134,285,6,12,6,-151,Low
Sri Lanka,2024-10-06,Carrot,118.0,233,195,9,10,1,38,Medium
Sri Lanka,2024-03-31,Cauliflower,112.19,50,117,14,16,2,-67,Medium
India,2024-01-05,Okra,86.95,535,147,8,11,3,388,Medium
Sri Lanka,2024-08-14,Brinjal,20.27,66,163,13,22,9,-97,Low
Sri Lanka,2024-10-07,Carrot,175.83,267,249,7,26,19,18,Low
India,2024-11-13,Tomato,24.88,208,350,0,6,6,-142,Low
India,2024-11-04,Green Chilli,46.33,448,120,4,12,8,328,Low
Sri Lanka,2024-09-06,Tomato,20.42,255,111,15,21,6,144,Low
India,2024-08-10,Okra,71.96,250,404,18,28,10,-154,Low
Sri Lanka,2024-05-15,Cauliflower,38.45,262,146,11,12,1,116,High
Sri Lanka,2024-03-24,Beans,95.99,229,409,19,25,6,-180,Low
India,2024-12-02,Potato,44.53,466,202,13,18,5,264,Medium
Sri Lanka,2024-07-20,Tomato,109.92,424,491,14,23,9,-67,Low
India,2024-03-06,Potato,171.13,180,291,6,7,1,-111,Medium
India,2024-10-11,Potato,77.6,578,336,3,6,3,242,Medium
India,2024-12-09,Onion,187.08,342,228,2,14,12,114,Low
Sri Lanka,2024-03-15,Onion,175.02,547,54,2,6,4,493,Medium
Sri Lanka,2024-12-06,Onion,88.16,518,369,0,17,17,149,Low
Sri Lanka,2024-01-20,Cauliflower,118.12,390,85,14,18,4,305,Medium
Sri Lanka,2024-09-19,Okra,42.58,324,287,9,22,13,37,Low
India,2024-09-21,Cabbage,174.02,73,338,18,20,2,-265,Medium
India,2024-11-26,Green Chilli,134.28,408,308,15,19,4,100,Medium
Sri Lanka,2024-08-10,Potato,64.04,283,469,3,7,4,-186,Medium
Sri Lanka,2024-07-08,Okra,130.28,190,436,16,20,4,-246,Medium
Sri Lanka,2024-08-06,Carrot,143.89,536,485,16,23,7,51,Low
Sri Lanka,2024-10-19,Brinjal,83.18,389,100,8,11,3,289,Medium
Sri Lanka,2024-06-08,Onion,103.6,126,50,0,20,20,76,Low
Sri Lanka,2024-12-23,Okra,107.07,548,292,8,23,15,256,Low
Sri Lanka,2024-05-28,Beans,159.53,570,409,6,18,12,161,Low
Sri Lanka,2024-01-26,Carrot,102.27,395,314,20,25,5,81,Medium
Sri Lanka,2024-12-09,Cauliflower,40.91,198,488,5,15,10,-290,Low
Sri Lanka,2024-12-08,Carrot,183.24,504,391,1,9,8,113,Low
India,2024-01-10,Tomato,134.08,315,126,11,18,7,189,Low
Sri Lanka,2024-12-01,Carrot,103.22,78,271,14,22,8,-193,Low
Sri Lanka,2024-05-04,Cauliflower,94.91,74,180,10,22,12,-106,Low
Sri Lanka,2024-03-17,Onion,100.02,120,206,10,12,2,-86,Medium
India,2024-05-30,Beans,31.74,367,256,8,29,21,111,Low
India,2024-03-28,Carrot,162.59,545,444,2,10,8,101,Low
Sri Lanka,2024-11-16,Onion,36.09,148,462,14,29,15,-314,Low
India,2024-02-26,Green Chilli,77.04,591,482,5,6,1,109,High
Sri Lanka,2024-05-09,Beans,76.51,343,361,7,10,3,-18,Medium
Sri Lanka,2024-05-21,Okra,103.84,470,353,4,10,6,117,Low
Sri Lanka,2024-11-16,Tomato,47.94,555,384,9,13,4,171,Medium
Sri Lanka,2024-09-01,Beans,95.82,429,106,4,17,13,323,Low
India,2024-12-01,Brinjal,27.69,584,455,6,13,7,129,Low
Sri Lanka,2024-10-25,Carrot,114.4,212,350,6,18,12,-138,Low
India,2024-08-21,Carrot,60.65,293,485,0,20,20,-192,Low
Sri Lanka,2024-12-09,Cabbage,182.56,497,499,3,13,10,-2,Low
Sri Lanka,2024-03-16,Tomato,83.51,396,433,14,25,11,-37,Low
India,2024-12-06,Green Chilli,57.51,264,488,7,16,9,-224,Low
India,2024-01-22,Green Chilli,64.99,118,302,1,16,15,-184,Low
India,2024-02-07,Cauliflower,122.0,429,186,1,17,16,243,Low
India,2024-11-28,Tomato,186.61,301,488,4,21,17,-187,Low
Sri Lanka,2024-08-04,Tomato,93.97,464,169,5,6,1,295,High
Sri Lanka,2024-07-28,Brinjal,31.56,178,165,12,20,8,13,Low
Sri Lanka,2024-02-18,Tomato,42.52,511,91,19,20,1,420,High
India,2024-03-13,Beans,44.75,410,418,5,18,13,-8,Low
Sri Lanka,2024-04-26,Tomato,183.04,519,469,2,25,23,50,Low
Sri Lanka,2024-11-22,Okra,155.75,289,398,6,15,9,-109,Low
India,2024-11-27,Green Chilli,94.75,596,256,6,21,15,340,Low
Sri Lanka,2024-07-19,Cabbage,119.1,72,262,23,28,5,-190,Medium
India,2024-03-03,Green Chilli,104.76,86,452,5,27,22,-366,Low
Sri Lanka,2024-08-19,Onion,121.47,446,59,25,27,2,387,High
Sri Lanka,2024-06-27,Onion,164.24,484,290,19,24,5,194,Medium
India,2024-06-11,Brinjal,197.27,258,247,2,12,10,11,Low
India,2024-12-25,Potato,124.37,96,81,2,5,3,15,Medium
Sri Lanka,2024-10-29,Okra,153.39,399,135,16,23,7,264,Low
Sri Lanka,2024-05-29,Carrot,82.9,578,89,6,10,4,489,Medium
India,2024-11-17,Carrot,137.51,163,36,5,16,11,127,Low
India,2024-03-26,Green Chilli,126.24,398,267,4,13,9,131,Low
Sri Lanka,2024-09-20,Okra,118.66,552,371,2,5,3,181,Medium
India,2024-05-01,Onion,33.78,415,187,6,24,18,228,Low
India,2024-04-15,Cabbage,140.59,443,87,8,10,2,356,High
Sri Lanka,2024-01-11,Tomato,110.58,77,377,9,18,9,-300,Low
India,2024-01-11,Cauliflower,63.57,315,405,17,27,10,-90,Low
Sri Lanka,2024-05-15,Cauliflower,117.54,95,226,9,10,1,-131,Medium
India,2024-04-15,Onion,180.29,532,202,3,15,12,330,Low
India,2024-10-26,Carrot,54.28,304,456,13,16,3,-152,Medium
Sri Lanka,2024-05-01,Okra,112.77,113,112,7,18,11,1,Low
India,2024-09-24,Okra,139.37,495,125,8,12,4,370,Medium
Sri Lanka,2024-06-25,Green Chilli,161.55,596,402,5,26,21,194,Low
Sri Lanka,2024-10-07,Carrot,176.25,465,359,15,24,9,106,Low
Sri Lanka,2024-10-19,Okra,109.25,423,472,16,23,7,-49,Low
Sri Lanka,2024-06-22,Brinjal,179.53,476,146,2,18,16,330,Low
India,2024-09-08,Tomato,27.5,131,293,6,22,16,-162,Low
India,2024-09-21,Beans,64.08,317,401,3,28,25,-84,Low
Sri Lanka,2024-04-27,Onion,23.22,268,433,0,8,8,-165,Low
India,2024-02-12,Potato,173.46,404,236,5,6,1,168,High
India,2024-02-27,Beans,147.31,353,189,15,28,13,164,Low
India,2024-01-29,Beans,52.99,413,268,20,29,9,145,Low
India,2024-09-20,Cauliflower,114.84,155,499,4,13,9,-344,Low
Sri Lanka,2024-10-14,Green Chilli,66.34,72,477,10,12,2,-405,Medium
Sri Lanka,2024-02-14,Carrot,179.58,442,36,10,14,4,406,Medium
Sri Lanka,2024-08-23,Cabbage,27.77,542,112,0,23,23,430,Low
India,2024-07-24,Cauliflower,163.82,374,390,18,25,7,-16,Low
Sri Lanka,2024-08-17,Brinjal,54.19,382,284,5,22,17,98,Low
India,2024-02-10,Tomato,39.59,370,451,2,6,4,-81,Medium
India,2024-09-09,Okra,64.04,120,333,1,10,9,-213,Low
Sri Lanka,2024-04-27,Green Chilli,41.97,100,445,12,24,12,-345,Low
Sri Lanka,2024-11-23,Carrot,51.57,394,52,5,9,4,342,Medium
Sri Lanka,2024-12-18,Okra,90.95,432,251,23,24,1,181,High
India,2024-11-09,Carrot,166.38,424,44,0,5,5,380,Medium
India,2024-08-25,Carrot,196.74,334,66,2,10,8,268,Low
India,2024-05-14,Tomato,45.79,342,399,15,21,6,-57,Low
Sri Lanka,2024-02-13,Beans,166.65,490,390,3,9,6,100,Low
Sri Lanka,2024-07-29,Potato,92.31,378,78,2,15,13,300,Low
Sri Lanka,2024-11-03,Okra,34.04,505,353,2,8,6,152,Low
India,2024-02-25,Onion,37.62,560,70,3,8,5,490,Medium
India,2024-09-28,Onion,113.39,526,176,1,17,16,350,Low
India,2024-09-18,Beans,105.94,224,146,16,23,7,78,Low
India,2024-04-09,Onion,125.05,426,196,6,7,1,230,High
Sri Lanka,2024-06-07,Carrot,58.98,401,296,12,15,3,105,Medium
India,2024-01-26,Beans,111.72,419,102,21,23,2,317,High
Sri Lanka,2024-10-05,Tomato,46.67,328,479,18,27,9,-151,Low
India,2024-01-27,Potato,169.95,148,237,1,6,5,-89,Medium
India,2024-02-10,Green Chilli,169.52,242,57,1,16,15,185,Low
India,2024-05-04,Okra,78.76,323,129,2,11,9,194,Low
Sri Lanka,2024-09-09,Carrot,137.79,336,170,3,8,5,166,Medium
India,2024-03-21,Okra,37.21,578,72,8,9,1,506,High
Sri Lanka,2024-06-17,Green Chilli,28.19,577,426,7,17,10,151,Low
Sri Lanka,2024-05-04,Potato,119.13,522,161,6,7,1,361,High
India,2024-09-15,Beans,52.34,224,338,0,5,5,-114,Medium
Sri Lanka,2024-12-15,Potato,156.45,254,209,15,20,5,45,Medium
Sri Lanka,2024-10-19,Cabbage,186.22,530,30,10,11,1,500,High
Sri Lanka,2024-09-20,Cabbage,46.82,591,367,11,22,11,224,Low
Sri Lanka,2024-07-21,Brinjal,33.51,172,91,1,28,27,81,Low
Sri Lanka,2024-08-31,Okra,39.51,231,192,5,11,6,39,Low
Sri Lanka,2024-12-05,Cabbage,21.57,416,182,1,6,5,234,Medium
Sri Lanka,2024-04-20,Potato,180.81,387,240,5,16,11,147,Low
Sri Lanka,2024-08-04,Okra,88.9,111,341,3,28,25,-230,Low
Sri Lanka,2024-11-10,Brinjal,46.72,248,467,4,11,7,-219,Low
Sri Lanka,2024-04-13,Okra,131.47,391,123,3,9,6,268,Low
Sri Lanka,2024-06-03,Potato,139.51,174,98,19,26,7,76,Low
India,2024-10-14,Cabbage,179.47,556,148,12,15,3,408,Medium
Sri Lanka,2024-09-30,Onion,74.69,292,113,4,5,1,179,High
India,2024-10-26,Green Chilli,181.7,477,318,15,21,6,159,Low
India,2024-09-29,Brinjal,179.13,290,499,6,9,3,-209,Medium
Sri Lanka,2024-06-05,Cabbage,170.42,223,448,0,20,20,-225,Low
India,2024-11-08,Carrot,51.02,176,290,2,16,14,-114,Low
India,2024-02-20,Tomato,174.96,491,496,0,8,8,-5,Low
Sri Lanka,2024-01-07,Green Chilli,44.33,429,272,0,12,12,157,Low
India,2024-04-06,Brinjal,35.15,131,246,16,18,2,-115,Medium
Sri Lanka,2024-10-17,Carrot,182.66,422,282,7,14,7,140,Low
Sri Lanka,2024-09-30,Onion,33.16,243,123,6,10,4,120,Medium
Sri Lanka,2024-07-30,Carrot,89.17,321,154,16,19,3,167,Medium
India,2024-09-29,Brinjal,183.54,112,250,21,26,5,-138,Medium
India,2024-12-25,Green Chilli,71.0,161,301,6,12,6,-140,Low
India,2024-05-08,Brinjal,67.62,437,150,0,7,7,287,Low
India,2024-04-25,Beans,158.98,263,456,1,14,13,-193,Low
India,2024-09-27,Okra,113.97,107,377,10,18,8,-270,Low
Sri Lanka,2024-10-06,Onion,38.0,158,366,1,28,27,-208,Low
Sri Lanka,2024-09-13,Tomato,76.29,393,351,11,15,4,42,Medium
Sri Lanka,2024-04-23,Cauliflower,198.69,207,63,5,27,22,144,Low
India,2024-12-15,Okra,87.24,233,31,1,9,8,202,Low
India,2024-02-16,Cauliflower,157.12,234,135,14,16,2,99,High
Sri Lanka,2024-10-26,Tomato,166.4,276,207,2,8,6,69,Low
India,2024-02-14,Cabbage,91.32,157,211,7,14,7,-54,Low
Sri Lanka,2024-05-20,Carrot,183.14,365,293,7,25,18,72,Low
Sri Lanka,2024-06-09,Tomato,194.76,293,105,8,23,15,188,Low
India,2024-05-22,Beans,47.39,352,331,1,11,10,21,Low
Sri Lanka,2024-06-11,Carrot,25.67,479,415,5,7,2,64,Medium
Sri Lanka,2024-01-15,Onion,152.49,194,61,8,20,12,133,Low
Sri Lanka,2024-06-12,Tomato,122.5,69,93,11,12,1,-24,Medium
India,2024-01-01,Brinjal,48.69,131,407,9,10,1,-276,Medium
Sri Lanka,2024-07-22,Green Chilli,141.86,288,290,14,26,12,-2,Low
India,2024-12-07,Tomato,37.41,328,123,14,20,6,205,Low
India,2024-12-03,Onion,69.49,493,231,1,8,7,262,Low
India,2024-06-24,Okra,170.66,60,338,14,21,7,-278,Low
Sri Lanka,2024-05-03,Potato,37.45,100,289,27,29,2,-189,Medium
India,2024-04-22,Beans,139.57,67,247,2,11,9,-180,Low
Sri Lanka,2024-08-18,Okra,161.11,394,258,10,12,2,136,High
Sri Lanka,2024-01-21,Beans,125.74,428,496,7,29,22,-68,Low
India,2024-01-16,Okra,155.42,129,320,5,16,11,-191,Low
Sri Lanka,2024-02-18,Cauliflower,180.39,581,382,14,18,4,199,Medium
India,2024-12-10,Onion,186.27,322,235,10,12,2,87,High
India,2024-07-07,Brinjal,83.15,97,497,2,12,10,-400,Low
Sri Lanka,2024-07-17,Okra,152.77,156,402,2,18,16,-246,Low
India,2024-07-30,Brinjal,74.76,117,267,15,16,1,-150,Medium
Sri Lanka,2024-03-15,Onion,68.5,478,130,8,9,1,348,High
Sri Lanka,2024-12-09,Potato,78.42,405,469,3,5,2,-64,Medium
Sri Lanka,2024-07-06,Brinjal,64.06,475,167,10,28,18,308,Low
India,2024-10-31,Cauliflower,160.28,103,242,16,27,11,-139,Low
India,2024-06-02,Brinjal,63.75,348,169,3,5,2,179,High
India,2024-09-24,Carrot,96.16,215,127,9,22,13,88,Low
Sri Lanka,2024-02-12,Brinjal,94.4,299,134,6,17,11,165,Low
Sri Lanka,2024-12-30,Beans,95.11,430,393,9,12,3,37,Medium
Sri Lanka,2024-01-05,Okra,35.07,164,202,16,27,11,-38,Low
Sri Lanka,2024-03-01,Tomato,131.33,79,336,9,19,10,-257,Low
Sri Lanka,2024-09-21,Potato,122.72,75,297,3,9,6,-222,Low
Sri Lanka,2024-12-29,Okra,173.89,388,94,23,26,3,294,Medium
India,2024-10-27,Beans,24.03,151,164,11,24,13,-13,Low
Sri Lanka,2024-02-11,Cabbage,143.62,548,484,9,18,9,64,Low
Sri Lanka,2024-02-08,Onion,70.16,375,127,10,23,13,248,Low
Sri Lanka,2024-02-16,Potato,49.21,318,247,3,5,2,71,Medium
India,2024-08-13,Okra,135.95,53,97,22,25,3,-44,Medium
Sri Lanka,2024-01-01,Onion,166.37,100,450,9,12,3,-350,Medium
Sri Lanka,2024-04-21,Cabbage,94.2,192,410,13,28,15,-218,Low
India,2024-02-19,Cabbage,40.26,442,350,7,13,6,92,Low
India,2024-03-21,Onion,178.97,349,421,1,8,7,-72,Low
India,2024-05-17,Cauliflower,55.27,586,216,16,22,6,370,Low
India,2024-12-07,Onion,40.05,565,193,10,17,7,372,Low
Sri Lanka,2024-04-26,Okra,139.61,426,39,4,5,1,387,High
India,2024-08-18,Beans,164.25,549,443,26,27,1,106,High
India,2024-05-29,Cauliflower,99.75,210,291,6,10,4,-81,Medium
Sri Lanka,2024-11-19,Green Chilli,179.09,207,386,8,21,13,-179,Low
Sri Lanka,2024-09-17,Cauliflower,68.36,442,286,5,25,20,156,Low
Sri Lanka,2024-05-17,Onion,112.83,547,316,4,6,2,231,High
Sri Lanka,2024-06-16,Potato,49.74,441,56,0,5,5,385,Medium
Sri Lanka,2024-08-13,Cauliflower,160.1,416,331,2,21,19,85,Low
India,2024-01-02,Cauliflower,57.06,196,209,11,13,2,-13,Medium
India,2024-12-22,Onion,77.56,398,46,14,18,4,352,Medium
India,2024-11-12,Potato,68.44,127,364,11,17,6,-237,Low
India,2024-12-16,Green Chilli,180.84,248,116,2,11,9,132,Low
India,2024-08-22,Brinjal,109.97,146,384,0,10,10,-238,Low
Sri Lanka,2024-11-24,Green Chilli,25.09,320,85,11,29,18,235,Low
Sri Lanka,2024-02-25,Cabbage,101.52,125,82,6,21,15,43,Low
Sri Lanka,2024-03-06,Okra,49.78,195,299,9,13,4,-104,Medium
Sri Lanka,2024-01-02,Potato,54.15,507,34,5,13,8,473,Low
India,2024-10-31,Onion,155.92,389,194,14,15,1,195,High
Sri Lanka,2024-08-20,Carrot,37.67,411,193,3,10,7,218,Low
Sri Lanka,2024-08-21,Brinjal,123.02,123,261,3,10,7,-138,Low
India,2024-05-18,Green Chilli,73.46,386,301,8,11,3,85,Medium
Sri Lanka,2024-10-04,Potato,68.34,540,171,4,17,13,369,Low
India,2024-11-24,Cauliflower,148.41,421,162,1,7,6,259,Low
India,2024-03-16,Carrot,20.1,259,422,23,25,2,-163,Medium
Sri Lanka,2024-12-13,Potato,150.81,506,479,5,26,21,27,Low
Sri Lanka,2024-07-01,Cabbage,187.75,188,407,8,26,18,-219,Low
India,2024-01-15,Potato,61.71,479,127,6,13,7,352,Low
India,2024-07-10,Okra,152.11,455,253,10,27,17,202,Low
India,2024-03-28,Beans,66.66,195,487,11,24,13,-292,Low
India,2024-02-06,Beans,54.77,395,77,1,10,9,318,Low
India,2024-01-07,Green Chilli,158.65,599,373,1,10,9,226,Low
India,2024-07-10,Carrot,184.14,584,322,3,21,18,262,Low
Sri Lanka,2024-09-06,Tomato,154.7,412,317,10,18,8,95,Low
India,2024-07-05,Beans,102.83,68,422,4,12,8,-354,Low
Sri Lanka,2024-11-03,Potato,151.97,329,384,2,12,10,-55,Low
Sri Lanka,2024-02-14,Brinjal,176.0,246,191,9,14,5,55,Medium
India,2024-03-17,Tomato,80.94,419,461,2,27,25,-42,Low
Sri Lanka,2024-12-29,Tomato,40.86,154,71,28,29,1,83,High
Sri Lanka,2024-06-26,Onion,109.37,354,184,0,12,12,170,Low
India,2024-01-03,Beans,119.74,276,425,4,5,1,-149,Medium
India,2024-06-17,Potato,77.66,340,465,17,19,2,-125,Medium
India,2024-02-09,Potato,65.1,126,41,21,29,8,85,Low
India,2024-01-17,Okra,191.99,270,478,2,10,8,-208,Low
Sri Lanka,2024-12-26,Cabbage,132.06,573,254,8,13,5,319,Medium
India,2024-08-15,Brinjal,29.64,253,426,15,22,7,-173,Low
India,2024-02-18,Beans,85.94,498,187,10,19,9,311,Low
Sri Lanka,2024-12-26,Brinjal,146.08,486,92,4,6,2,394,High
Sri Lanka,2024-11-06,Okra,193.11,56,44,11,27,16,12,Low
Sri Lanka,2024-11-22,Potato,23.69,576,373,12,28,16,203,Low
India,2024-09-29,Carrot,198.68,389,65,19,22,3,324,Medium
Sri Lanka,2024-11-17,Carrot,44.42,335,445,10,12,2,-110,Medium
India,2024-04-27,Tomato,56.39,77,495,8,19,11,-418,Low
India,2024-05-21,Green Chilli,120.4,253,407,4,8,4,-154,Medium
India,2024-05-20,Beans,152.64,274,176,9,10,1,98,High
Sri Lanka,2024-05-03,Potato,93.96,504,463,11,19,8,41,Low
Sri Lanka,2024-04-25,Potato,31.83,243,103,4,18,14,140,Low
India,2024-01-21,Brinjal,186.59,443,492,4,25,21,-49,Low
Sri Lanka,2024-11-25,Cabbage,86.52,148,141,8,28,20,7,Low
Sri Lanka,2024-12-20,Carrot,143.86,338,293,25,28,3,45,Medium
Sri Lanka,2024-04-29,Carrot,193.38,336,149,18,23,5,187,Medium
Sri Lanka,2024-02-25,Beans,187.84,84,382,8,14,6,-298,Low
Sri Lanka,2024-11-24,Beans,140.31,581,288,4,21,17,293,Low
Sri Lanka,2024-01-13,Beans,39.86,438,342,9,12,3,96,Medium
Sri Lanka,2024-03-27,Okra,193.77,569,68,12,21,9,501,Low
Sri Lanka,2024-02-07,Cauliflower,118.81,411,216,8,24,16,195,Low
Sri Lanka,2024-06-17,Brinjal,164.43,296,129,4,24,20,167,Low
Sri Lanka,2024-05-25,Cabbage,79.34,380,42,19,23,4,338,Medium
India,2024-01-20,Potato,23.92,478,260,3,11,8,218,Low
Sri Lanka,2024-02-16,Onion,74.85,337,65,6,21,15,272,Low
India,2024-12-03,Potato,169.01,537,301,7,16,9,236,Low
Sri Lanka,2024-06-08,Potato,124.35,488,81,14,25,11,407,Low
Sri Lanka,2024-01-21,Tomato,120.36,186,113,13,26,13,73,Low
India,2024-03-03,Potato,63.18,100,158,21,28,7,-58,Low
India,2024-10-05,Carrot,95.81,108,375,12,18,6,-267,Low
Sri Lanka,2024-04-24,Cauliflower,50.01,367,48,8,18,10,319,Low
India,2024-11-16,Cauliflower,199.82,292,496,11,26,15,-204,Low
India,2024-01-07,Beans,59.33,359,271,14,19,5,88,Medium
India,2024-03-21,Onion,120.67,505,395,1,11,10,110,Low
India,2024-07-10,Tomato,121.74,85,238,0,28,28,-153,Low
Sri Lanka,2024-08-18,Carrot,35.64,391,355,4,24,20,36,Low
India,2024-09-20,Brinjal,121.97,234,93,10,11,1,141,High
Sri Lanka,2024-06-23,Beans,149.78,198,115,0,6,6,83,Low
India,2024-06-16,Beans,179.5,354,270,4,5,1,84,High
India,2024-08-12,Carrot,185.0,60,59,5,11,6,1,Low
Sri Lanka,2024-05-22,Potato,121.76,331,42,3,6,3,289,Medium
India,2024-09-17,Beans,84.3,384,302,7,27,20,82,Low
Sri Lanka,2024-03-19,Beans,166.36,515,62,17,22,5,453,Medium
India,2024-06-07,Beans,161.85,218,271,7,22,15,-53,Low
India,2024-11-29,Onion,168.9,68,446,2,7,5,-378,Medium
Sri Lanka,2024-07-20,Cauliflower,192.03,221,484,12,18,6,-263,Low
India,2024-05-23,Okra,25.15,541,52,25,26,1,489,High
Sri Lanka,2024-09-06,Green Chilli,184.69,423,58,5,20,15,365,Low
Sri Lanka,2024-10-25,Cauliflower,197.54,90,251,8,14,6,-161,Low
Sri Lanka,2024-11-02,Beans,134.28,273,492,0,5,5,-219,Medium
Sri Lanka,2024-08-16,Brinjal,182.78,75,434,5,6,1,-359,Medium
India,2024-10-09,Cauliflower,78.11,576,104,4,9,5,472,Medium
Sri Lanka,2024-08-20,Cauliflower,78.97,569,211,12,19,7,358,Low
Sri Lanka,2024-11-07,Green Chilli,110.17,225,407,4,12,8,-182,Low
Sri Lanka,2024-01-01,Tomato,184.6,122,400,20,24,4,-278,Medium
Sri Lanka,2024-10-11,Brinjal,121.49,313,182,18,23,5,131,Medium
India,2024-02-03,Cabbage,112.48,444,376,11,21,10,68,Low
India,2024-09-20,Cabbage,107.34,357,332,6,12,6,25,Low
Sri Lanka,2024-10-23,Brinjal,152.56,125,34,14,23,9,91,Low
Sri Lanka,2024-04-23,Cauliflower,168.59,435,217,3,11,8,218,Low
Sri Lanka,2024-01-06,Cauliflower,21.72,484,247,0,7,7,237,Low
India,2024-11-22,Carrot,97.25,599,286,3,7,4,313,Medium
India,2024-07-27,Potato,192.84,66,333,7,23,16,-267,Low
India,2024-09-22,Brinjal,49.63,440,184,15,18,3,256,Medium
Sri Lanka,2024-03-21,Potato,177.11,68,73,2,12,10,-5,Low
Sri Lanka,2024-01-22,Carrot,43.73,306,494,15,27,12,-188,Low
India,2024-08-27,Okra,194.61,54,229,1,10,9,-175,Low
India,2024-11-10,Tomato,99.0,333,440,5,14,9,-107,Low
Sri Lanka,2024-07-24,Cabbage,144.38,253,236,5,13,8,17,Low
Sri Lanka,2024-04-26,Green Chilli,115.74,276,60,2,9,7,216,Low
Sri Lanka,2024-03-15,Potato,120.84,160,284,13,21,8,-124,Low
Sri Lanka,2024-12-13,Tomato,184.34,69,203,14,19,5,-134,Medium
Sri Lanka,2024-09-04,Cauliflower,131.57,563,346,15,22,7,217,Low
Sri Lanka,2024-07-11,Green Chilli,153.67,481,366,2,17,15,115,Low
Sri Lanka,2024-12-13,Cauliflower,138.89,381,115,8,25,17,266,Low
India,2024-12-23,Cauliflower,69.09,485,380,8,15,7,105,Low
India,2024-01-20,Carrot,167.43,95,392,6,7,1,-297,Medium
India,2024-10-09,Potato,152.75,215,120,4,6,2,95,High
India,2024-03-04,Beans,95.39,397,299,16,19,3,98,Medium
Sri Lanka,2024-10-21,Tomato,40.2,95,97,6,15,9,-2,Low
India,2024-07-31,Beans,53.32,513,193,11,17,6,320,Low
Sri Lanka,2024-04-20,Cauliflower,98.1,448,110,17,21,4,338,Medium
Sri Lanka,2024-04-15,Okra,27.72,305,256,7,21,14,49,Low
India,2024-05-09,Onion,172.46,578,281,16,27,11,297,Low
India,2024-03-17,Beans,113.03,482,352,25,29,4,130,Medium
India,2024-06-27,Onion,70.49,138,381,5,23,18,-243,Low
Sri Lanka,2024-01-15,Onion,158.64,236,175,3,10,7,61,Low
Sri Lanka,2024-11-03,Green Chilli,130.34,351,303,1,28,27,48,Low
Sri Lanka,2024-04-15,Brinjal,124.92,213,499,9,24,15,-286,Low
India,2024-01-28,Tomato,96.19,396,177,4,16,12,219,Low
Sri Lanka,2024-02-22,Onion,174.51,491,74,4,18,14,417,Low
Sri Lanka,2024-07-01,Tomato,106.18,492,139,7,11,4,353,Medium
Sri Lanka,2024-04-15,Okra,103.05,400,389,20,27,7,11,Low
Sri Lanka,2024-01-21,Potato,51.85,519,448,8,18,10,71,Low
Sri Lanka,2024-06-14,Cauliflower,25.53,89,133,11,15,4,-44,Medium
Sri Lanka,2024-04-25,Onion,35.9,275,114,3,25,22,161,Low
India,2024-11-17,Okra,55.71,514,480,0,17,17,34,Low
Sri Lanka,2024-06-13,Onion,84.18,335,452,8,21,13,-117,Low
Sri Lanka,2024-12-19,Onion,51.3,318,55,13,28,15,263,Low
Sri Lanka,2024-05-12,Cauliflower,127.9,580,440,0,5,5,140,Medium
India,2024-03-18,Potato,170.23,178,306,4,5,1,-128,Medium
Sri Lanka,2024-08-01,Cauliflower,81.3,165,463,5,6,1,-298,Medium
Sri Lanka,2024-08-03,Carrot,67.07,549,202,16,24,8,347,Low
Sri Lanka,2024-06-21,Green Chilli,45.53,258,181,7,18,11,77,Low
Sri Lanka,2024-12-28,Carrot,187.39,186,258,9,23,14,-72,Low
India,2024-11-28,Beans,117.38,141,355,13,20,7,-214,Low
Sri Lanka,2024-09-23,Green Chilli,63.6,593,143,4,10,6,450,Low
Sri Lanka,2024-06-15,Green Chilli,99.67,319,65,6,7,1,254,High
India,2024-11-02,Beans,95.5,454,73,13,16,3,381,Medium
India,2024-09-19,Okra,151.68,53,77,6,7,1,-24,Medium
India,2024-09-07,Potato,51.84,581,162,8,19,11,419,Low
Sri Lanka,2024-05-17,Green Chilli,114.48,363,426,2,19,17,-63,Low
India,2024-03-29,Tomato,172.42,420,451,3,26,23,-31,Low
India,2024-02-24,Potato,44.24,138,210,4,17,13,-72,Low
India,2024-01-04,Onion,136.31,299,200,7,13,6,99,Low
India,2024-09-13,Brinjal,157.81,376,470,5,18,13,-94,Low
India,2024-01-12,Tomato,25.06,353,84,1,15,14,269,Low
Sri Lanka,2024-12-17,Brinjal,44.22,168,450,15,20,5,-282,Medium
Sri Lanka,2024-01-29,Onion,69.9,376,107,4,6,2,269,High
Sri Lanka,2024-09-27,Green Chilli,178.61,472,97,8,10,2,375,High
Sri Lanka,2024-12-27,Tomato,146.46,64,149,0,6,6,-85,Low
Sri Lanka,2024-03-02,Tomato,131.22,415,106,0,6,6,309,Low
India,2024-05-06,Green Chilli,154.83,77,145,5,16,11,-68,Low
India,2024-01-08,Cauliflower,121.67,527,231,1,14,13,296,Low
India,2024-07-05,Green Chilli,62.27,594,46,15,24,9,548,Low
Sri Lanka,2024-09-15,Onion,126.16,78,342,9,24,15,-264,Low
India,2024-10-08,Carrot,129.86,280,107,9,15,6,173,Low
Sri Lanka,2024-05-23,Brinjal,138.72,503,187,6,21,15,316,Low
Sri Lanka,2024-04-01,Cabbage,129.02,102,167,15,21,6,-65,Low
India,2024-04-22,Cabbage,91.84,181,320,23,28,5,-139,Medium
Sri Lanka,2024-03-23,Cauliflower,84.79,235,45,18,19,1,190,High
India,2024-12-19,Cauliflower,126.2,573,323,5,18,13,250,Low
India,2024-09-27,Onion,147.7,86,379,0,10,10,-293,Low
India,2024-09-06,Green Chilli,147.06,470,189,2,9,7,281,Low
Sri Lanka,2024-07-08,Cauliflower,69.05,278,286,6,22,16,-8,Low
India,2024-03-12,Cauliflower,98.13,58,475,2,23,21,-417,Low
Sri Lanka,2024-11-10,Beans,30.02,380,378,20,26,6,2,Low
India,2024-03-04,Green Chilli,95.26,481,368,3,28,25,113,Low
India,2024-02-09,Cabbage,49.89,66,424,8,10,2,-358,Medium
Sri Lanka,2024-10-10,Brinjal,33.57,159,434,6,14,8,-275,Low
India,2024-06-10,Potato,31.68,559,186,16,25,9,373,Low
India,2024-07-14,Onion,188.16,302,399,0,25,25,-97,Low
India,2024-06-03,Brinjal,46.8,555,166,3,6,3,389,Medium
Sri Lanka,2024-05-03,Tomato,89.88,378,422,4,8,4,-44,Medium
Sri Lanka,2024-10-16,Okra,184.65,197,389,7,13,6,-192,Low
Sri Lanka,2024-04-24,Tomato,185.98,400,230,0,5,5,170,Medium
India,2024-07-03,Beans,115.89,128,212,4,18,14,-84,Low
India,2024-07-26,Cauliflower,89.36,525,102,2,20,18,423,Low
India,2024-06-25,Tomato,164.69,319,259,5,7,2,60,Medium
India,2024-09-08,Onion,94.78,332,314,1,17,16,18,Low
Sri Lanka,2024-06-22,Cauliflower,146.13,331,320,12,19,7,11,Low
Sri Lanka,2024-02-25,Green Chilli,51.51,347,270,21,22,1,77,Medium
Sri Lanka,2024-03-18,Cabbage,149.75,245,109,3,7,4,136,Medium
India,2024-02-07,Green Chilli,197.64,234,299,14,26,12,-65,Low
Sri Lanka,2024-03-08,Potato,94.61,339,78,2,17,15,261,Low
Sri Lanka,2024-03-29,Potato,60.89,299,460,7,13,6,-161,Low
Sri Lanka,2024-01-25,Cabbage,185.72,361,288,4,6,2,73,Medium
India,2024-07-26,Cabbage,33.36,450,239,4,5,1,211,High
Sri Lanka,2024-10-17,Cauliflower,112.49,524,459,6,7,1,65,Medium
India,2024-04-18,Green Chilli,70.23,409,308,14,21,7,101,Low
India,2024-06-17,Beans,147.87,350,56,8,16,8,294,Low
Sri Lanka,2024-07-11,Beans,135.53,264,392,0,22,22,-128,Low
Sri Lanka,2024-05-18,Brinjal,26.7,79,322,4,16,12,-243,Low
India,2024-09-27,Potato,171.5,108,476,4,15,11,-368,Low
Sri Lanka,2024-11-20,Okra,35.59,339,448,1,24,23,-109,Low
India,2024-04-30,Beans,186.8,541,297,25,28,3,244,Medium
India,2024-06-04,Carrot,35.13,562,491,9,28,19,71,Low
Sri Lanka,2024-01-22,Brinjal,44.38,290,92,17,27,10,198,Low
Sri Lanka,2024-01-10,Carrot,37.98,317,348,27,29,2,-31,Medium
Sri Lanka,2024-03-13,Tomato,134.72,103,118,23,25,2,-15,Medium
India,2024-01-05,Carrot,105.34,341,295,1,6,5,46,Medium
Sri Lanka,2024-08-26,Cabbage,23.94,233,230,10,23,13,3,Low
India,2024-05-11,Green Chilli,73.06,347,228,18,20,2,119,High
India,2024-02-03,Cauliflower,94.52,147,261,2,6,4,-114,Medium
Sri Lanka,2024-05-04,Carrot,101.26,421,290,25,27,2,131,High
India,2024-03-11,Brinjal,84.98,99,304,21,25,4,-205,Medium
India,2024-08-13,Cabbage,148.26,103,218,8,25,17,-115,Low
India,2024-10-19,Cauliflower,101.45,98,410,0,22,22,-312,Low
India,2024-09-06,Okra,145.28,306,217,3,20,17,89,Low
India,2024-06-26,Beans,157.86,100,180,0,15,15,-80,Low
India,2024-05-02,Beans,52.58,173,358,22,24,2,-185,Medium
India,2024-04-16,Cauliflower,33.81,334,457,19,29,10,-123,Low
India,2024-07-18,Okra,188.0,234,115,23,26,3,119,Medium
Sri Lanka,2024-06-16,Onion,109.79,59,470,4,6,2,-411,Medium
India,2024-10-24,Onion,59.46,249,329,6,12,6,-80,Low
Sri Lanka,2024-07-14,Tomato,49.71,404,54,10,19,9,350,Low
India,2024-05-26,Onion,168.33,153,86,8,16,8,67,Low
Sri Lanka,2024-04-15,Beans,85.25,400,102,1,25,24,298,Low
Sri Lanka,2024-11-21,Potato,181.79,578,78,8,21,13,500,Low
Sri Lanka,2024-05-08,Cauliflower,136.93,230,197,2,24,22,33,Low
Sri Lanka,2024-03-03,Cabbage,51.79,194,314,16,26,10,-120,Low
India,2024-01-28,Cauliflower,92.45,296,63,10,16,6,233,Low
Sri Lanka,2024-04-30,Cauliflower,83.48,203,179,5,11,6,24,Low
Sri Lanka,2024-08-09,Okra,93.56,313,339,9,12,3,-26,Medium
India,2024-05-27,Potato,177.09,547,226,11,25,14,321,Low
India,2024-06-24,Cabbage,43.14,118,357,8,28,20,-239,Low
Sri Lanka,2024-05-14,Tomato,184.87,336,125,2,18,16,211,Low
India,2024-03-23,Carrot,71.34,66,437,13,24,11,-371,Low
India,2024-10-29,Brinjal,43.51,479,126,16,17,1,353,High
India,2024-06-10,Cauliflower,74.3,506,363,21,26,5,143,Medium
Sri Lanka,2024-01-13,Potato,79.44,493,233,20,26,6,260,Low
India,2024-05-11,Carrot,96.35,51,41,13,27,14,10,Low
India,2024-04-27,Potato,159.64,317,212,14,27,13,105,Low
Sri Lanka,2024-06-09,Tomato,104.42,92,223,4,13,9,-131,Low
Sri Lanka,2024-06-26,Beans,136.31,462,463,1,14,13,-1,Low
Sri Lanka,2024-11-15,Green Chilli,27.87,158,398,2,12,10,-240,Low
Sri Lanka,2024-07-26,Tomato,151.02,348,97,4,13,9,251,Low
India,2024-04-08,Carrot,64.06,490,499,8,25,17,-9,Low
India,2024-12-23,Cabbage,44.8,60,486,2,10,8,-426,Low
Sri Lanka,2024-02-14,Cauliflower,45.76,493,445,3,16,13,48,Low
India,2024-06-23,Beans,33.77,460,439,21,23,2,21,Medium
India,2024-08-11,Cauliflower,33.92,383,70,6,17,11,313,Low
India,2024-11-09,Brinjal,26.73,145,320,12,18,6,-175,Low
Sri Lanka,2024-01-11,Brinjal,88.8,139,161,0,18,18,-22,Low
Sri Lanka,2024-02-01,Green Chilli,83.23,381,309,16,18,2,72,Medium
Sri Lanka,2024-06-19,Carrot,31.13,239,89,22,23,1,150,High
India,2024-04-16,Cabbage,197.62,133,103,2,13,11,30,Low
India,2024-08-28,Carrot,168.73,214,276,5,14,9,-62,Low
India,2024-05-28,Onion,117.53,70,381,4,23,19,-311,Low
Sri Lanka,2024-12-03,Brinjal,53.19,474,478,0,23,23,-4,Low
India,2024-05-12,Beans,50.97,440,362,12,16,4,78,Medium
India,2024-08-10,Brinjal,50.2,410,253,2,6,4,157,Medium
India,2024-04-03,Carrot,77.62,504,107,4,7,3,397,Medium
India,2024-04-28,Okra,160.13,441,312,11,26,15,129,Low
Sri Lanka,2024-07-08,Cabbage,63.95,315,289,5,8,3,26,Medium
Sri Lanka,2024-06-26,Beans,101.5,520,160,7,10,3,360,Medium
India,2024-04-24,Beans,96.68,282,426,6,13,7,-144,Low
India,2024-10-24,Cabbage,196.54,431,474,25,26,1,-43,Medium
Sri Lanka,2024-02-08,Tomato,134.96,496,215,3,6,3,281,Medium
India,2024-11-17,Beans,40.35,131,480,11,25,14,-349,Low
India,2024-11-09,Cabbage,56.52,179,287,3,9,6,-108,Low
Sri Lanka,2024-10-29,Okra,55.92,201,163,14,17,3,38,Medium
Sri Lanka,2024-11-11,Cabbage,31.85,469,301,2,23,21,168,Low
Sri Lanka,2024-01-02,Brinjal,108.35,582,454,6,8,2,128,High
Sri Lanka,2024-04-20,Potato,123.44,96,454,12,25,13,-358,Low
India,2024-11-22,Brinjal,35.08,593,381,12,23,11,212,Low
India,2024-10-09,Green Chilli,169.13,595,217,4,17,13,378,Low
India,2024-10-01,Okra,125.28,351,314,4,25,21,37,Low
India,2024-02-08,Green Chilli,38.05,280,395,10,19,9,-115,Low
Sri Lanka,2024-11-12,Brinjal,84.54,362,272,4,18,14,90,Low
Sri Lanka,2024-05-09,Green Chilli,153.71,368,392,2,25,23,-24,Low
Sri Lanka,2024-02-09,Okra,96.02,232,480,7,21,14,-248,Low
India,2024-10-29,Beans,26.48,482,128,2,8,6,354,Low
Sri Lanka,2024-12-25,Cauliflower,79.75,246,409,1,17,16,-163,Low
Sri Lanka,2024-07-20,Green Chilli,76.49,304,327,6,14,8,-23,Low
India,2024-12-27,Cauliflower,70.15,486,176,18,22,4,310,Medium
India,2024-10-21,Okra,108.1,394,388,1,7,6,6,Low
Sri Lanka,2024-02-21,Brinjal,58.66,207,290,2,29,27,-83,Low
Sri Lanka,2024-07-02,Beans,158.55,54,99,6,7,1,-45,Medium
Sri Lanka,2024-08-31,Carrot,98.2,291,315,12,29,17,-24,Low
India,2024-07-22,Brinjal,106.72,579,123,24,25,1,456,High
India,2024-03-18,Tomato,81.06,329,413,24,28,4,-84,Medium
India,2024-12-24,Cauliflower,127.34,186,132,24,25,1,54,Medium
Sri Lanka,2024-01-10,Tomato,132.14,75,284,1,11,10,-209,Low
Sri Lanka,2024-03-09,Tomato,177.76,257,497,1,20,19,-240,Low
Sri Lanka,2024-01-30,Beans,161.33,290,280,9,13,4,10,Medium
Sri Lanka,2024-12-30,Tomato,24.33,500,178,22,29,7,322,Low
Sri Lanka,2024-05-24,Tomato,173.19,144,31,1,19,18,113,Low
Sri Lanka,2024-11-08,Potato,160.0,295,377,6,20,14,-82,Low
India,2024-01-12,Potato,65.33,427,54,4,8,4,373,Medium
India,2024-03-12,Brinjal,165.47,294,129,2,14,12,165,Low
India,2024-07-10,Okra,65.18,483,57,13,22,9,426,Low
India,2024-05-26,Okra,22.21,120,162,6,8,2,-42,Medium
Sri Lanka,2024-10-22,Tomato,77.85,242,191,9,16,7,51,Low
India,2024-12-18,Beans,30.24,103,349,6,7,1,-246,Medium
Sri Lanka,2024-09-04,Potato,52.5,566,144,8,11,3,422,Medium
India,2024-05-02,Cauliflower,115.98,63,317,4,15,11,-254,Low
Sri Lanka,2024-07-28,Beans,176.33,110,200,8,17,9,-90,Low
